<?xml version="1.0" encoding="UTF-8"?>
<!DOCTYPE mapper
	PUBLIC "-//mybatis.org//DTD Mapper 3.0//EN"
	"http://mybatis.org/dtd/mybatis-3-mapper.dtd">

<mapper namespace="com.CRM.mappers.InsuranceMapper">

	<select resultType="CRM_insurVO" id="readInsur_no">
		select insur_no from Insur_Goods where insur_no=(select MAX(insur_no) from Insur_Goods)
	</select>
	
	<!-- 보험 소개  -->
	<select resultType="CRM_insurVO" id="readInsurCancer_One"> 
		select * from Insur_Goods where insur_no=(select MAX(insur_no) from Insur_Goods where insur_type='암보험')
	</select>
	
	<select resultType="CRM_insurVO" id="readInsurTooth_One">
		select * from Insur_Goods where insur_no=(select MAX(insur_no) from Insur_Goods where insur_type='치아보험')
	</select>
	
	<select resultType="CRM_contentVO" id="readInsurCancer_Two">
		select * from content where insur_no=(select MAX(insur_no) from Insur_Goods where insur_type='암보험');
	</select>
	
	<select resultType="CRM_contentVO" id="readInsurTooth_Two">
		select * from content where insur_no=(select MAX(insur_no) from Insur_Goods where insur_type='치아보험');
	</select>
	
    <!-- 등록 -->
	<insert id="insert">
	 insert into Insur_Goods (insur_type, insur_term, payment_term, age, caution) 
	 values(#{insur_type},#{insur_term}, #{payment_term},#{age},#{caution})
	</insert>
   
	<insert id="coinsert">
		insert into content (insur_no, pay_title,pay_reason, money) 
		values(#{insur_no}+1, #{pay_title},#{pay_reason},#{money}) 
	</insert>
	
	<!-- 수정 -->
	<update id="insurUpdate">
		update Insur_Goods set insur_type=#{insur_type}, insur_term=#{insur_term},
		payment_term=#{payment_term}, age=#{age}, caution=#{caution} where insur_no=#{insur_no}
	</update>

	<update id="insurContUpdate">
		update content set pay_title=#{pay_title}, pay_reason=#{pay_reason}, money=#{money}, count=#{count}
		where content_no = #{content_no}
	</update>
	
	<insert id="coinsertUpdate">	
	    insert into content (insur_no, pay_title,pay_reason, money, count) 
		values(#{insur_no}, #{pay_title},#{pay_reason},#{money}, #{count})
	</insert>
	
	<!-- 삭제 -->
	<insert id="codelete">	
	    delete from content where content_no = #{content_no} 
	</insert>
	
	<!-- 보험 비교 -->
	<select id="compareContentC" resultType="CRM_contentVO">
	    select c.pay_title,c.money
	    from Insur_Goods i, content c
	    where i.insur_no = c.insur_no
	    and i.insur_no = (select MAX(i.insur_no) from Insur_Goods i where i.insur_type='암보험')
	</select>
	
	<select id="compareContentT" resultType="CRM_contentVO">
		select c.pay_title,c.money
	    from Insur_Goods i, content c
	    where i.insur_no = c.insur_no
	    and i.insur_no = (select MAX(i.insur_no) from Insur_Goods i where i.insur_type='치아보험')	
	</select>
	
   	<select id="otherInsurC" resultType="CRM_otherVO">
		select oinsur_name, oinsur_term, opayment_term, oage, omoney from other_cpn where oinsur_type='암보험'
	</select>
	
	<select id="otherInsurT" resultType="CRM_otherVO">
		select oinsur_name, oinsur_term, opayment_term, oage, omoney from other_cpn where oinsur_type='치아보험'
	</select>

    <!-- 성별 판매통계 개수 세기 -->
    <update id = "CountSex">
    update count_sex
    set c_man=(select count(*) from customer where customer_sex = '남성' AND customer_insurance = '암보험');
   
    update count_sex
    set c_woman=(select count(*) from customer where customer_sex = '여성' AND customer_insurance = '암보험');
    
    update count_sex
    set t_man=(select count(*) from customer where customer_sex = '남성' AND customer_insurance = '치아보험');
    
    update count_sex
    set t_woman=(select count(*) from customer where customer_sex = '여성' AND customer_insurance = '치아보험');
    </update>  
    
    <!-- 나이별 판매통계 개수 세기 -->
    <update id = "CountAge">  
    update count_age
    set c_ten=(select count(*) from customer where customer_age between 0 and 19 AND customer_insurance = '암보험');
   
    update count_age
    set c_twenty=(select count(*) from customer where customer_age between 20 and 29 AND customer_insurance = '암보험');
    
    update count_age
    set c_thirty=(select count(*) from customer where customer_age between 30 and 39 AND customer_insurance = '암보험');
    
    update count_age
    set c_forty=(select count(*) from customer where customer_age between 40 and 49 AND customer_insurance = '암보험');
    
    update count_age
    set c_fifty=(select count(*) from customer where customer_age between 50 and 59 AND customer_insurance = '암보험');
    
    update count_age
    set c_sixty=(select count(*) from customer where customer_age between 60 and 69 AND customer_insurance = '암보험');
    
    update count_age
    set c_seventy=(select count(*) from customer where customer_age between 70 and 79 AND customer_insurance = '암보험');
    
    update count_age
    set c_eighty=(select count(*) from customer where customer_age>80 AND customer_insurance = '암보험');
    
    update count_age
    set t_ten=(select count(*) from customer where customer_age between 0 and 19 AND customer_insurance = '치아보험');
   
    update count_age
    set t_twenty=(select count(*) from customer where customer_age between 20 and 29 AND customer_insurance = '치아보험');
    
    update count_age
    set t_thirty=(select count(*) from customer where customer_age between 30 and 39 AND customer_insurance = '치아보험');
    
    update count_age
    set t_forty=(select count(*) from customer where customer_age between 40 and 49 AND customer_insurance = '치아보험');
    
    update count_age
    set t_fifty=(select count(*) from customer where customer_age between 50 and 59 AND customer_insurance = '치아보험');
    
    update count_age
    set t_sixty=(select count(*) from customer where customer_age between 60 and 69 AND customer_insurance = '치아보험');
    
    update count_age
    set t_seventy=(select count(*) from customer where customer_age between 70 and 79 AND customer_insurance = '치아보험');
    
    update count_age
    set t_eighty=(select count(*) from customer where customer_age>80 AND customer_insurance = '치아보험');
    </update>  
    
    <update id = "CountAdr">
    update count_adr
    set c_seoul=(select count(*) from customer where customer_adr ='서울시' AND customer_insurance = '암보험');
    
    update count_adr
    set c_gyounggi=(select count(*) from customer where customer_adr ='경기도' AND customer_insurance = '암보험');
    
    update count_adr
    set c_gangwon=(select count(*) from customer where customer_adr ='강원도' AND customer_insurance = '암보험');
    
    update count_adr
    set c_chungchung=(select count(*) from customer where customer_adr ='충청도' AND customer_insurance = '암보험');
    
    update count_adr
    set c_junra=(select count(*) from customer where customer_adr ='전라도' AND customer_insurance = '암보험');
    
    update count_adr
    set c_gyoungsang=(select count(*) from customer where customer_adr ='경상도' AND customer_insurance = '암보험');
    
    update count_adr
    set c_jeju=(select count(*) from customer where customer_adr ='제주도' AND customer_insurance = '암보험');
    
    update count_adr
    set t_seoul=(select count(*) from customer where customer_adr ='서울시' AND customer_insurance = '치아보험');
    
    update count_adr
    set t_gyounggi=(select count(*) from customer where customer_adr ='경기도' AND customer_insurance = '치아보험');
    
    update count_adr
    set t_gangwon=(select count(*) from customer where customer_adr ='강원도' AND customer_insurance = '치아보험');
    
    update count_adr
    set t_chungchung=(select count(*) from customer where customer_adr ='충청도' AND customer_insurance = '치아보험');
    
    update count_adr
    set t_junra=(select count(*) from customer where customer_adr ='전라도' AND customer_insurance = '치아보험');
    
    update count_adr
    set t_gyoungsang=(select count(*) from customer where customer_adr ='경상도' AND customer_insurance = '치아보험');
    
    update count_adr
    set t_jeju=(select count(*) from customer where customer_adr ='제주도' AND customer_insurance = '치아보험');
    </update>
    
	<select id="readSex" resultType="CRM_statisticsVO">
		select c_man, c_woman, t_man, t_woman from count_sex
	</select>

	<select id="readAge" resultType="CRM_statisticsVO">
		select c_ten, c_twenty, c_thirty, c_forty, c_fifty, c_sixty, c_seventy, c_eighty,
		 t_ten, t_twenty, t_thirty, t_forty, t_fifty, t_sixty, t_seventy, t_eighty
		from count_age
	</select>
	
	<select id="readAdr" resultType="CRM_statisticsVO">
		select c_seoul, c_gyounggi, c_gangwon, c_chungchung, c_junra, c_gyoungsang, c_jeju,
		t_seoul, t_gyounggi, t_gangwon, t_chungchung, t_junra, t_gyoungsang, t_jeju
		from count_adr
	</select> 


</mapper>